Comment,llama3.2:3b - Sentiment,llama3.2:3b - Reasoning,llama3.2:3b - Total Duration,llama3.2:3b - Load Duration,llama3.2:3b - Prompt Eval Count,llama3.2:3b - Prompt Eval Duration,llama3.2:3b - Eval Count,llama3.2:3b - Eval Duration,llama3.2:3b - Temperature,llama3.2:3b - Seed,llama3.2:3b - Num_ctx
Leaving.  Very impressive but getting old.  Peace out.,NEGATIVE,"The comment's emotional tone is dismissive and slightly annoyed, with a hint of boredom. The use of the phrase 'getting old' implies that the commenter has seen this type of content before and is no longer impressed. The word choice is also somewhat negative, with words like 'leaving' and 'peace out' conveying a sense of finality and disinterest. There is no positive or neutral language in the comment, which further reinforces its negative sentiment. Overall, the commenter's tone suggests that they are leaving the video or channel due to lack of interest or excitement.",4.20,0.02,614,1.85,133,2.34,0,1,8192
"Hey Jason, love you and your videos. My name is XXX and I'm in the US army and currently deployed in Iraq (me in pfp). Your videos have gotten me through a lot of tough days of deployment so first off thank you for entertaining me. But I have a request, I'm scheduled to come home on June 18th so if you could do a trick, any trick you like with the 6, 1, and 8 it would make my whole week. I wish you nothing but more success and growth on your channel and please keep posting so I don't die of boredom out here. I plan on going to a show when I get back this summer so post those dates as soon as you know them! All love from Iraq!""",POSITIVE,"The comment's emotional tone is overwhelmingly positive, with the user expressing gratitude and appreciation for the creator's content. The use of affectionate language, such as 'love you' and 'All love from Iraq,' conveys a sense of warmth and admiration. Key phrases that reinforce this sentiment include 'Your videos have gotten me through a lot of tough days of deployment,' which highlights the creator's impact on the user's life, and 'I wish you nothing but more success and growth on your channel.' The comment also includes lighthearted humor with the phrase 'don't die of boredom out here,' further emphasizing the positive tone. Overall, the sentiment is one of appreciation, gratitude, and enthusiasm for the creator's content.",3.26,0.01,756,0.30,165,2.94,0,1,8192
He even trash talks himself  truly no one is safe,NEGATIVE,"The comment's emotional tone is critical and mocking, with the user expressing disdain for the content creator. The word choice is also aggressive, using phrases like 'trash talks' to describe themselves. This suggests that the user has a negative opinion of the content creator's behavior or attitude. There is no context provided in the comment itself, but based on the tone and language used, it can be inferred that the user is expressing frustration or annoyance with the content creator's actions or words.",2.08,0.01,612,0.07,114,1.99,0,1,8192
"Welcome to the hustle, indeed! üòÖ I love how the ""includes paid promotion"" tag was there. I don't even know what's real anymore. But you are still the goal.",POSITIVE,"The comment starts with a playful and sarcastic tone, using the phrase 'Welcome to the hustle, indeed!' which implies that the commenter is aware of the potential for paid promotion in the video. The use of the laughing face emoji (üòÖ) further emphasizes the lighthearted and humorous tone. However, the commenter's subsequent statement 'I don't even know what's real anymore' suggests a sense of skepticism or cynicism towards the content. Despite this, the final phrase 'But you are still the goal' indicates that the commenter has come to accept and even appreciate the content creator's efforts. Overall, the sentiment is positive, as the commenter seems to be poking fun at the potential for paid promotion while ultimately showing admiration for the content creator's work.",3.18,0.01,639,0.11,173,3.05,0,1,8192
"""I am so good""  ü§£ü§£ü§£",POSITIVE,"The comment's emotional tone is overwhelmingly positive, conveyed through the use of enthusiastic language and exaggerated facial expressions (represented by the laughing emojis). The phrase 'I am so good' is a clear expression of confidence and satisfaction. Key phrases that influenced this decision include 'I am so good', which directly states the commenter's positive sentiment, and the repeated laughing emojis, which amplify the tone of excitement and amusement. Overall, the comment's tone suggests that the commenter is pleased with themselves or their accomplishment, indicating a positive emotional state.",2.24,0.01,616,0.07,123,2.16,0,1,8192
It doesn't matter how many times I watch these videos  or how many times I think I might've seen something... This guy right here is hands down the best I've ever seen. It's not even close. And he seems like he'd be a helluva guy to hang out with! Thanks for all the awesome content!,POSITIVE,"The comment's emotional tone is overwhelmingly positive, with words and phrases such as 'hands down', 'not even close', and 'helluva guy' conveying a strong sense of admiration and enthusiasm. The use of superlatives like 'best' and the exclamation mark at the end of the sentence further emphasize the commenter's excitement and appreciation for the content creator. Additionally, the comment includes personal opinions about the creator's personality, suggesting that the commenter has formed a connection with them. Overall, the tone is upbeat, enthusiastic, and supportive, indicating a strongly positive sentiment.",2.52,0.01,668,0.15,134,2.36,0,1,8192
Nicely done and she paid 500 for an advertisement.  üòÇ,POSITIVE,"The comment's emotional tone is lighthearted and playful, indicated by the use of a laughing face emoji (üòÇ). The word choice is also positive, with the phrase 'Nicely done' conveying admiration and approval. Additionally, the comment's sarcastic remark about paying $500 for an advertisement adds to its humorous tone. Overall, the sentiment is one of amusement and appreciation for the video content.",1.85,0.01,616,0.07,101,1.77,0,1,8192
Saw Jason live in Boca Raton. He is even better live. Definitely the GOAT!!,POSITIVE,"The comment's emotional tone is overwhelmingly positive, with words and phrases such as 'even better live', 'Definitely the GOAT' (Greatest of All Time), which convey admiration and enthusiasm. The use of capital letters for 'GOAT' emphasizes the speaker's strong opinion. The context suggests that the commenter has seen Jason perform live in Boca Raton and was impressed, further reinforcing their positive sentiment. There are no negative words or phrases used in the comment, indicating a completely positive emotional tone.",2.15,0.01,621,0.07,119,2.07,0,1,8192
Always love the waterfall trick! Truly impressive,POSITIVE,"The comment's emotional tone is enthusiastic and admiring, as indicated by the use of the phrase 'Always love' which conveys a sense of fondness and appreciation. The word choice is also positive, with the use of the adjective 'impressive' to describe the waterfall trick. This suggests that the commenter finds the trick to be exceptional and enjoyable to watch. There is no negative language or tone in the comment, further reinforcing its positive sentiment.",1.97,0.01,609,0.07,108,1.89,0,1,8192
I have been watching you very closely do these tricks and I can never spot how in the world you pull these tricks off. So after careful analysis  I have decided that Magic is 100% real and you my friend have mastered it!,POSITIVE,"The comment's emotional tone is overwhelmingly positive, with a sense of admiration and respect for the creator. The use of words like 'very closely', 'after careful analysis', and 'you my friend have mastered it' convey a strong sense of enthusiasm and appreciation. The phrase 'I have decided that Magic is 100% real' further emphasizes the commenter's conviction and positivity towards the topic. There are no negative or neutral phrases in the comment, which suggests that the commenter is genuinely impressed and supportive of the creator's skills.",2.30,0.01,648,0.11,123,2.17,0,1,8192
This man's CGI machine must be burning  üòÇ,NEGATIVE,"The comment expresses a negative sentiment towards the person in the video, specifically their use of CGI machines. The tone is playful and humorous, indicated by the laughing face emoji (üòÇ), but the word choice itself is mocking and dismissive. The phrase 'must be burning' implies that the person's machine is inefficient or wasteful, which contributes to the negative sentiment. This comment suggests that the creator of the video is being ridiculed for their use of CGI machines.",2.02,0.01,612,0.07,112,1.94,0,1,8192
Another great vid. His CGI crew must be up to half a dozen employees by now to be able to keep up with all his amazing tricks  Genius is expensive,POSITIVE,"The comment's emotional tone is overwhelmingly positive, with the user expressing admiration for the creator's CGI skills and implying that their crew must be highly skilled. The use of words like 'great', 'amazing', and 'genius' further emphasize the commenter's enthusiasm. Additionally, the phrase 'Genius is expensive' suggests that the commenter values the creator's expertise and is willing to pay a premium for it. Overall, the comment conveys a sense of admiration and appreciation for the creator's work.",2.19,0.01,633,0.11,119,2.06,0,1,8192
Hardest thing for Mr Jason - talking to the wall like there is actually someone standing,NEGATIVE,"The comment's emotional tone is one of frustration and annoyance. The word choice, 'hardest thing', implies a sense of difficulty or challenge, which suggests that the speaker finds the task unpleasant. The phrase 'talking to the wall' also has a connotation of talking to an empty space, which reinforces the idea that the speaker is frustrated with the situation. There is no positive language or sentiment in this comment, which further supports the classification as negative.",2.02,0.01,618,0.07,110,1.93,0,1,8192
Respect for leaving in the blooper,POSITIVE,"The comment's emotional tone is one of admiration and appreciation. The word choice, 'Respect', conveys a sense of admiration and respect for the creator's decision to leave a bloopers in the video. The phrase 'leaving in the blooper' suggests that the creator intentionally included a mistake or an unexpected moment, which adds to the humor and entertainment value of the video. This type of comment is often left by viewers who enjoy the lighthearted and humorous tone of the content. Overall, the sentiment is positive as it expresses admiration for the creator's decision-making process.",2.48,0.01,609,0.07,138,2.40,0,1,8192
Leap out of the deck??!! üòÇ cgi machines ready üòÇüòÇüòÇ Jason you leave me stunned my friend!!! you are so MASTER GOAT!!! ‚ù§‚ù§ Greetz Spiecull. üéâ,POSITIVE,"The comment's emotional tone is overwhelmingly positive, with the use of enthusiastic language and exaggerated expressions such as 'üòÇ' and 'üéâ'. The word choice also contributes to a lighthearted and celebratory atmosphere. Key phrases like 'LEAP out of the deck??!!', 'MASTER GOAT', and 'Greetz Spiecull' further emphasize the commenter's excitement and admiration for the video creator, Jason. The tone is playful and humorous, suggesting that the commenter found the video entertaining and impressive. Overall, the sentiment is one of admiration and enthusiasm, indicating a strongly positive emotional response to the content.",2.69,0.01,646,0.11,146,2.56,0,1,8192
I love when someone who is the best at something is arrogant.  You've certainly earned the right.,POSITIVE,"The comment's emotional tone is one of admiration and respect, conveyed through the use of words like 'love' and 'arrogant'. The speaker seems to appreciate the person's confidence and expertise in their field. Key phrases such as 'I love when someone who is the best at something is arrogant' suggest that the speaker finds arrogance in a confident individual endearing. This sentiment is further reinforced by the comment's tone, which is lighthearted and playful. The speaker's use of sarcasm ('You've certainly earned the right') also adds to the positive tone, implying that the person has worked hard to achieve their status as an expert. Overall, the comment expresses a positive sentiment towards the person being praised for their arrogance.",3.01,0.01,621,0.07,167,2.92,0,1,8192
Waterfall with two cards. Absolutely incredible!,POSITIVE,"The comment's emotional tone is overwhelmingly enthusiastic and admiring. The use of the word 'absolutely' emphasizes the commenter's strong positive emotions towards the video's magic trick, specifically the 'Waterfall with two cards'. This phrase suggests that the commenter finds the trick to be incredibly impressive and enjoyable to watch. Additionally, the brevity and simplicity of the comment reinforce its positive tone, implying that the commenter is genuinely excited about the content. Overall, the sentiment of this comment is clearly positive, indicating a strong appreciation for the video's magic trick.",2.42,0.01,609,0.07,129,2.34,0,1,8192
I really enjoy this channel. Your card manipulation skills are mind blowing. Take care eh ‚úåÔ∏èüá®üá¶,POSITIVE,"The comment's emotional tone is overwhelmingly positive, with the user expressing admiration for the channel's content and the creator's skill. The use of phrases such as 'I really enjoy this channel' and 'Your card manipulation skills are mind blowing' convey a strong sense of enthusiasm and appreciation. Additionally, the inclusion of emojis (‚úåÔ∏èüá®üá¶) adds to the positive tone, suggesting that the user is feeling friendly and supportive. The comment's brevity and simplicity also contribute to its positive sentiment, implying that the user has a high level of respect for the channel and its content.",2.62,0.01,627,0.11,140,2.50,0,1,8192
Aha!mm     i figuree it out ...If you look at the dark silver car thats just behind Jasons head  on the book shelf  payclose  attention to the angle of the green case .. then after he touches his face  roughly around 42 seconds in  you will notice that i have no idea how he does it,POSITIVE,"The comment's emotional tone is one of excitement and amazement, as evident from the use of 'Aha!' and 'i figuree it out'. The language used is informal and playful, with phrases like 'payclose attention' and 'roughly around 42 seconds in', which convey a sense of enthusiasm and engagement. The comment also expresses admiration for the magician's skill, stating 'you will notice that i have no idea how he does it', which suggests a positive sentiment towards the performance. Overall, the tone is lighthearted and celebratory, indicating a positive emotional state.",2.69,0.01,670,0.15,140,2.52,0,1,8192
"""Shuffles legit obviously.""",POSITIVE,"The comment's emotional tone is casual and playful, with a hint of sarcasm. The use of the word 'legit' in an exaggerated manner suggests that the speaker finds the card shuffle impressive or amusing. The phrase 'Shuffles legit obviously' can be interpreted as a tongue-in-cheek expression of admiration for the magician's skill. Overall, the tone is lighthearted and supportive, indicating a positive sentiment towards the magician's performance.",2.03,0.01,606,0.07,109,1.95,0,1,8192
