Comment,qwen2.5:7b - Sentiment,qwen2.5:7b - Reasoning,qwen2.5:7b - Total Duration,qwen2.5:7b - Load Duration,qwen2.5:7b - Prompt Eval Count,qwen2.5:7b - Prompt Eval Duration,qwen2.5:7b - Eval Count,qwen2.5:7b - Eval Duration,qwen2.5:7b - Temperature,qwen2.5:7b - Seed,qwen2.5:7b - Num_ctx
Leaving.  Very impressive but getting old.  Peace out.,NEUTRAL,"The sentiment of the comment is NEUTRAL due to a mix of positive and negative elements, with an overall neutral tone. The phrase 'Very impressive' indicates admiration for the content, which could be seen as positive. However, the statement 'but getting old' suggests that the viewer finds the content repetitive or outdated, leaning towards a negative sentiment. The comment ends with 'Peace out,' which is a casual and often friendly way to sign off, adding a slightly positive tone but not enough to outweigh the mixed feelings expressed in the main body of the text. Considering these factors, the overall sentiment leans neutral as it neither strongly praises nor criticizes the content.",8.59,0.01,626,3.68,151,4.89,0,1,8192
"Hey Jason, love you and your videos. My name is XXX and I'm in the US army and currently deployed in Iraq (me in pfp). Your videos have gotten me through a lot of tough days of deployment so first off thank you for entertaining me. But I have a request, I'm scheduled to come home on June 18th so if you could do a trick, any trick you like with the 6, 1, and 8 it would make my whole week. I wish you nothing but more success and growth on your channel and please keep posting so I don't die of boredom out here. I plan on going to a show when I get back this summer so post those dates as soon as you know them! All love from Iraq!""",POSITIVE,"The sentiment of the YouTube comment is POSITIVE based on several key factors. The tone is appreciative and supportive, evident through phrases like 'love you and your videos,' 'thank you for entertaining me,' and 'I wish you nothing but more success and growth.' These expressions convey a positive emotional state towards the content creator. Additionally, the commenter expresses gratitude for the entertainment provided during a challenging time ('tough days of deployment'), which further reinforces the positive sentiment. The request for a specific trick with the numbers 6, 1, and 8 is made in a polite manner, indicating engagement and interest rather than a demand or complaint. Lastly, the comment concludes with encouragement to continue posting content, showing continued support and positivity towards the channel.",6.17,0.01,769,0.61,168,5.54,0,1,8192
He even trash talks himself  truly no one is safe,NEGATIVE,"The sentiment of the comment 'He even trash talks himself truly no one is safe' can be classified as NEGATIVE. The key phrases and words that influence this decision are:

1. **Trash Talks Himself**: This phrase indicates self-deprecating or derogatory remarks, which generally carry a negative connotation.
2. **Truly No One Is Safe**: This statement suggests a broader criticism, implying that the subject's actions or content could be harmful or inappropriate to others as well. The use of 'truly' emphasizes the seriousness and universality of this concern.

Considering the context from the video transcript, where the speaker is demonstrating card tricks and making light-hearted jokes about the difficulty of certain tasks, the comment introduces a negative tone that contrasts with the lighthearted nature of the content. The commenter seems to be expressing skepticism or disapproval of the content creator's approach.",6.66,0.01,624,0.14,201,6.50,0,1,8192
"Welcome to the hustle, indeed! üòÖ I love how the ""includes paid promotion"" tag was there. I don't even know what's real anymore. But you are still the goal.",NEUTRAL,"The sentiment of the comment is neutral with a slight hint of skepticism and amusement. The phrase 'Welcome to the hustle, indeed! üòÖ' suggests that the commenter recognizes the promotional nature of the content but does not express strong positive or negative emotions. Instead, they seem to be acknowledging the commonality of such content in a light-hearted manner. Key phrases like 'I love how the ",3.43,0.01,651,0.23,98,3.19,0,1,8192
"""I am so good""  ü§£ü§£ü§£",NEGATIVE,"The sentiment of the comment is negative due to the mocking tone and sarcasm expressed through the phrase 'I am so good' followed by laughing emojis. This indicates that the commenter is not genuinely impressed or appreciative but rather making fun of the content creator's attempt at a magic trick. The use of laughing emojis (ü§£ü§£ü§£) further emphasizes the sarcastic nature of the comment, suggesting disbelief and ridicule towards the claimed skill level. While the context from the video transcript provides background on the magician's claims, it does not change the negative sentiment expressed in this specific comment.",4.42,0.01,624,0.14,133,4.27,0,1,8192
It doesn't matter how many times I watch these videos  or how many times I think I might've seen something... This guy right here is hands down the best I've ever seen. It's not even close. And he seems like he'd be a helluva guy to hang out with! Thanks for all the awesome content!,POSITIVE,"The sentiment of this YouTube comment is clearly positive, as evidenced by several key phrases and the overall tone. The commenter expresses strong admiration for the video creator's skills, stating 'This guy right here is hands down the best I've ever seen. It's not even close.' This indicates a high level of appreciation and respect. Additionally, the phrase 'he'd be a helluva guy to hang out with' suggests that the creator has a likable personality as well. The comment also includes gratitude for the content, saying 'Thanks for all the awesome content!', further reinforcing the positive sentiment. There are no negative or critical remarks in the comment, and the overall tone is enthusiastic and appreciative.",5.43,0.01,680,0.32,158,5.11,0,1,8192
Nicely done and she paid 500 for an advertisement.  üòÇ,NEGATIVE,"The sentiment of the comment is negative due to several factors. Firstly, the tone of the comment suggests a sense of mockery or sarcasm, indicated by the use of 'Nicely done' followed by 'üòÇ', which often conveys amusement at someone else's expense in online contexts. Secondly, the mention that she paid $500 for an advertisement implies disapproval or criticism towards the perceived value or effectiveness of the ad. The context from the video transcript supports this interpretation as it describes a series of improbable and unrealistic card tricks, suggesting that the comment is likely criticizing the content's lack of authenticity or skill.",4.69,0.01,630,0.14,141,4.54,0,1,8192
Saw Jason live in Boca Raton. He is even better live. Definitely the GOAT!!,POSITIVE,"The sentiment of the comment is clearly positive, as evidenced by several key phrases and the overall tone. The phrase 'He is even better live' indicates a high level of satisfaction with Jason's performance in person compared to possibly watching him online or on video. Additionally, the use of 'Definitely the GOAT!!' (Great One Among All Time) is an enthusiastic endorsement that leaves no doubt about the commenter's positive feelings towards Jason. The exclamation marks also contribute to the excited and approving tone.",4.00,0.01,633,0.14,119,3.85,0,1,8192
Always love the waterfall trick! Truly impressive,POSITIVE,"The sentiment of the comment is clearly positive. The phrase 'Always love' indicates a consistent appreciation for the content, suggesting that the viewer enjoys and looks forward to similar videos. Additionally, the word 'truly' emphasizes the depth of their admiration for the trick being discussed. In context with the video transcript, which describes various card tricks including the 'waterfall' trick mentioned in the comment, it is evident that the viewer has a positive reaction to these types of performances.",3.76,0.01,621,0.14,113,3.61,0,1,8192
I have been watching you very closely do these tricks and I can never spot how in the world you pull these tricks off. So after careful analysis  I have decided that Magic is 100% real and you my friend have mastered it!,POSITIVE,"The sentiment of this comment can be classified as POSITIVE based on the following reasoning:

- Tone Analysis: The tone of the comment is appreciative and impressed. The user expresses admiration for the magician's skills, which indicates a positive emotional response.
- Key Phrases or Words: Phrases like 'watching you very closely', 'careful analysis', and 'mastered it' convey a sense of respect and recognition of skill. The statement that magic is 100% real also shows an openness to the magician's abilities, which is positive in this context.
- Context Consideration: While the comment does not directly reference the video transcript provided, it aligns with the overall theme of the video, which showcases magic tricks and the magician's expertise. The user's detailed observation and analysis suggest a level of engagement that is typically associated with positive sentiment towards content creators or performers.",6.74,0.01,662,0.23,200,6.49,0,1,8192
This man's CGI machine must be burning  üòÇ,NEGATIVE,"The sentiment of the comment is negative, as indicated by the use of 'must be burning' and the accompanying laughing emoji (üòÇ). This suggests that the commenter finds the attempt at creating a card trick using CGI to be ridiculous or poorly executed. The tone is mocking and implies disbelief in the feasibility of the described trick, which contributes to the overall negative sentiment.",3.03,0.01,624,0.14,90,2.88,0,1,8192
Another great vid. His CGI crew must be up to half a dozen employees by now to be able to keep up with all his amazing tricks  Genius is expensive,POSITIVE,"The sentiment of the comment is positive, as evidenced by several key phrases and the overall tone. The commenter uses words like 'great' and 'amazing,' which are clearly positive descriptors. They also express admiration for the creator's skills, stating that his CGI crew must be substantial in size to handle all the tricks. This implies a high level of appreciation for the content and the effort put into it. Additionally, the comment concludes with an acknowledgment of the value provided by the creator ('Genius is expensive'), which further reinforces the positive sentiment.",4.33,0.01,645,0.23,127,4.08,0,1,8192
Hardest thing for Mr Jason - talking to the wall like there is actually someone standing,NEGATIVE,"The sentiment of the comment can be classified as NEGATIVE based on the following analysis:

1. **Tone Analysis**: The tone in this comment is sarcastic and critical, indicating dissatisfaction or frustration with the content creator's performance.
2. **Key Phrases/Words**:
   - 'Hardest thing for Mr Jason': This phrase suggests that talking to a non-existent person (the wall) was challenging, which implies poor engagement skills from the content creator.
   - 'talking to the wall like there is actually someone standing': The use of this phrase indicates disbelief or mockery towards the content creator's attempt at interaction, further emphasizing the negative sentiment.
3. **Context Consideration**: In the provided video transcript, the content revolves around a card trick and the difficulty in performing certain actions (like making cards leap out of a deck). The comment criticizes Mr Jason for his inability to engage effectively with the audience or perform convincingly, which aligns with the negative sentiment expressed.",7.35,0.01,630,0.14,222,7.20,0,1,8192
Respect for leaving in the blooper,POSITIVE,"The comment expresses respect towards the creators for including a blooper, which indicates a positive sentiment. Key phrases such as 'respect' and the acknowledgment of the inclusion of an error or mistake (the blooper) suggest that the viewer appreciates the authenticity and transparency of the content. This kind of feedback is generally seen as constructive and supportive in the context of YouTube videos.",3.08,0.01,621,0.14,92,2.93,0,1,8192
Leap out of the deck??!! üòÇ cgi machines ready üòÇüòÇüòÇ Jason you leave me stunned my friend!!! you are so MASTER GOAT!!! ‚ù§‚ù§ Greetz Spiecull. üéâ,POSITIVE,"The sentiment of the YouTube comment is clearly positive, as evidenced by several key phrases and the overall tone. The commenter expresses amazement and admiration for Jason's performance, using exclamation marks and laughing emojis (üòÇ) to convey their amusement and enjoyment. Key phrases that influence this classification include 'leap out of the deck??!!', which indicates surprise and appreciation, followed by 'cgi machines ready üòÇ' suggesting a playful and positive reaction to the elaborate setup. The comment also includes direct praise: 'you are so MASTER GOAT!!!', using all caps for emphasis and expressing admiration with '‚ù§‚ù§'. Lastly, the use of 'Greetz Spiecull üéâ' at the end adds a friendly and celebratory tone to the comment.",5.79,0.01,656,0.23,171,5.54,0,1,8192
I love when someone who is the best at something is arrogant.  You've certainly earned the right.,POSITIVE,"The sentiment of the comment can be classified as POSITIVE based on the following analysis:

1. **Tone Analysis**: The tone of the comment is appreciative and admiring, which indicates a positive sentiment. The phrase 'I love when' expresses enthusiasm and approval.
2. **Key Phrases or Words**:
   - 'love': This word directly conveys a positive emotion towards the subject's behavior.
   - 'arrogant': While this could be seen as negative, in context, it is used to highlight the person's expertise and confidence, which are generally viewed positively when associated with skill and success.
   - 'earned the right': This phrase suggests that the individual has justified their arrogance through hard work or talent, further reinforcing a positive sentiment towards them.
3. **Context Consideration**: The comment is made in response to a video about a skilled magician (likely Dr Elana) performing card tricks and boasting about their abilities. The commenter appreciates the confidence displayed by someone who clearly has mastered their craft.",7.67,0.01,633,0.14,232,7.51,0,1,8192
Waterfall with two cards. Absolutely incredible!,POSITIVE,"The comment expresses a highly positive sentiment towards the magic trick being demonstrated in the video. The key phrases that influence this decision are 'Absolutely incredible!', which conveys strong admiration and amazement at the skill shown. Additionally, the mention of a 'Waterfall with two cards' suggests the viewer is familiar with the specific magic trick, indicating engagement and interest in the content. Overall, the tone is enthusiastic and appreciative, aligning with a positive sentiment.",3.66,0.01,621,0.14,110,3.51,0,1,8192
I really enjoy this channel. Your card manipulation skills are mind blowing. Take care eh ‚úåÔ∏èüá®üá¶,POSITIVE,"The sentiment of the comment is clearly positive based on several factors. The commenter expresses enjoyment with 'I really enjoy this channel,' indicating a favorable view. They also use the phrase 'mind blowing' to describe the card manipulation skills, which conveys amazement and admiration. Additionally, the friendly farewell 'Take care eh ‚úåÔ∏èüá®üá¶' further reinforces the positive tone by showing engagement and a personal touch. There are no negative or critical elements in this comment that would suggest otherwise.",3.88,0.01,635,0.14,116,3.73,0,1,8192
Aha!mm     i figuree it out ...If you look at the dark silver car thats just behind Jasons head  on the book shelf  payclose  attention to the angle of the green case .. then after he touches his face  roughly around 42 seconds in  you will notice that i have no idea how he does it,NEUTRAL,"The sentiment of this comment is neutral. The commenter expresses a casual and analytical tone, indicating they are trying to understand the magic trick being performed in the video. Key phrases such as 'Aha!mm i figuree it out' suggest an attempt at understanding or deconstructing the illusion, but there's no strong emotional language that would lean towards positive or negative sentiment. The context from the transcript is not directly relevant here since the comment does not engage with the content of the video in terms of its entertainment value or personal opinion about the magician's skill. Instead, it focuses on a specific observation related to the setup of the trick.",5.10,0.01,683,0.32,147,4.77,0,1,8192
"""Shuffles legit obviously.""",NEUTRAL,"The comment 'Shuffles legit obviously.' is a brief statement that does not carry strong emotional tones. The phrase 'legit' suggests authenticity, which could be seen as positive, but the word 'obviously' implies a lack of surprise or interest, which can lean towards neutrality. Given the context from the video transcript, this comment aligns with the magician's demonstration where he is explaining and justifying his actions. There are no explicit positive or negative emotions expressed by the commenter, making the overall sentiment NEUTRAL.",4.12,0.01,618,0.14,124,3.97,0,1,8192
