Comment,gemma2:2b - Sentiment,gemma2:2b - Reasoning,gemma2:2b - Total Duration,gemma2:2b - Load Duration,gemma2:2b - Prompt Eval Count,gemma2:2b - Prompt Eval Duration,gemma2:2b - Eval Count,gemma2:2b - Eval Duration,gemma2:2b - Temperature,gemma2:2b - Seed,gemma2:2b - Num_ctx
Leaving.  Very impressive but getting old.  Peace out.,NEGATIVE,"The YouTube comment expresses a negative sentiment through several key phrases and word choices. 1) 'Leaving' indicates a sense of disengagement or dissatisfaction with the video content, suggesting it was not enjoyable. 2) 'Very impressive but getting old' implies a mixed feeling - while acknowledging the video's skill, there is also an underlying suggestion that the content feels outdated or lacks freshness. 3) 'Peace out' further reinforces this negative sentiment by using slang associated with disengagement and leaving.",3.20,0.05,612,1.29,118,1.86,0,1,8192
"Hey Jason, love you and your videos. My name is XXX and I'm in the US army and currently deployed in Iraq (me in pfp). Your videos have gotten me through a lot of tough days of deployment so first off thank you for entertaining me. But I have a request, I'm scheduled to come home on June 18th so if you could do a trick, any trick you like with the 6, 1, and 8 it would make my whole week. I wish you nothing but more success and growth on your channel and please keep posting so I don't die of boredom out here. I plan on going to a show when I get back this summer so post those dates as soon as you know them! All love from Iraq!""",POSITIVE,"The YouTube comment expresses strong positive sentiment towards the video creator, Jason. Here's a breakdown of why: 1) **Personal Appreciation:** The commenter starts by expressing their love for Jason's videos and how they have helped them through difficult times in deployment. This demonstrates genuine appreciation and emotional connection. 2) **Specific Request:**  The comment includes a specific request for a trick using the numbers 6, 1, and 8. This shows a clear desire to engage with the content and receive something tailored to their personal interests. 3) **Positive Wishes:** The commenter expresses wishes for Jason's continued success and growth on his channel.  This demonstrates support and encouragement for the creator. 4) **Future Engagement:** The comment also mentions plans to attend a show upon returning home, indicating anticipation and excitement for future content. 5) **Affectionate Closing:** The comment ends with ",4.08,0.02,759,0.20,222,3.86,0,1,8192
He even trash talks himself  truly no one is safe,NEGATIVE,"The comment expresses a negative sentiment towards the YouTuber's self-deprecating humor. Here's why:

* **",1.14,0.02,611,0.05,55,1.07,0,1,8192
"Welcome to the hustle, indeed! üòÖ I love how the ""includes paid promotion"" tag was there. I don't even know what's real anymore. But you are still the goal.",POSITIVE,"This comment exhibits a positive sentiment, likely due to several factors: 1) **Enthusiastic Response:** The phrase 'Welcome to the hustle, indeed!' shows excitement and agreement with the video's message. 2) **Humor & Relatability:** The use of the 'includes paid promotion' tag as a humorous observation highlights the commentor's awareness of potential commercial aspects while still expressing appreciation for the content. 3) **Positive Affirmation:**  The closing statement, ",2.81,0.02,639,0.07,145,2.72,0,1,8192
"""I am so good""  ü§£ü§£ü§£",POSITIVE,"The comment 'I am so good' followed by 'ü§£ü§£' indicates a strong positive sentiment. üé§ Here's why:

* **Confidence:** The phrase 'I am so good' conveys confidence and self-assurance, which is often associated with positive emotions.
* **Humor:**  The use of 'ü§£ü§£ü§£' suggests the comment is delivered in a humorous way, likely as a playful jab at the video content. This adds to the overall positive tone.

**Contextual Analysis:** The YouTube video itself focuses on a magician-like performance involving cards and a focus on achieving specific outcomes (e.g., pulling out a King of Hearts).  The comment's tone aligns with this context, suggesting a shared enjoyment or appreciation for the magic act.",2.83,0.02,607,0.05,176,2.76,0,1,8192
It doesn't matter how many times I watch these videos  or how many times I think I might've seen something... This guy right here is hands down the best I've ever seen. It's not even close. And he seems like he'd be a helluva guy to hang out with! Thanks for all the awesome content!,POSITIVE,"This comment expresses strong positive sentiment towards the YouTuber and their content. Here's why: 1) **Strong affirmation:** The phrase 'hands down the best I've ever seen' clearly conveys a high level of approval and admiration for the YouTuber's skills. 2) **Personal connection:**  The comment goes beyond just praising the skill, mentioning that the YouTuber seems like someone they would enjoy hanging out with. This suggests a genuine personal connection and positive impression. 3) **Gratitude:** The phrase 'thanks for all the awesome content!' expresses appreciation for the YouTuber's work, further solidifying the positive sentiment.",2.50,0.02,671,0.10,148,2.38,0,1,8192
Nicely done and she paid 500 for an advertisement.  üòÇ,POSITIVE,"The comment expresses a positive sentiment towards the video content, specifically highlighting the 'nicely done' aspect of the performance. The use of the laughing emoji (üòÇ) further reinforces this positive tone and suggests amusement or approval. 500 dollars for an advertisement is likely seen as a reasonable price for such a service, especially considering the humorous nature of the demonstration.  The comment also implies that the video content was successful in achieving its intended purpose: to advertise Dr. Elana's services.",1.97,0.02,615,0.05,118,1.90,0,1,8192
Saw Jason live in Boca Raton. He is even better live. Definitely the GOAT!!,POSITIVE,"This comment expresses strong positive sentiment towards the YouTuber, Jason. Here's why:

* **",1.08,0.02,616,0.05,52,1.01,0,1,8192
Always love the waterfall trick! Truly impressive,POSITIVE,"The comment expresses a clear positive sentiment. Here's why:

* **",1.03,0.02,608,0.05,48,0.97,0,1,8192
I have been watching you very closely do these tricks and I can never spot how in the world you pull these tricks off. So after careful analysis  I have decided that Magic is 100% real and you my friend have mastered it!,POSITIVE,This comment exhibits a strong positive sentiment. Here's why: 1) **,1.28,0.02,649,0.08,56,1.18,0,1,8192
This man's CGI machine must be burning  üòÇ,POSITIVE,"The comment expresses amusement and likely positive sentiment towards the video content. Here's why:

* **",0.76,0.02,611,0.05,41,0.69,0,1,8192
Another great vid. His CGI crew must be up to half a dozen employees by now to be able to keep up with all his amazing tricks  Genius is expensive,POSITIVE,This comment expresses strong positive sentiment towards the video and its creator. Here's why: 1) **,1.46,0.02,632,0.07,66,1.37,0,1,8192
Hardest thing for Mr Jason - talking to the wall like there is actually someone standing,NEGATIVE,The comment expresses a negative sentiment towards the video's content. Here's why: 1) **,1.40,0.02,617,0.05,63,1.33,0,1,8192
Respect for leaving in the blooper,NEUTRAL,"The comment 'Respect for leaving in the blooper' exhibits a neutral sentiment. Here's why:

* **Tone:** The comment is short and lacks any strong emotional expression, suggesting neutrality.
* **Word Choice:**  'Respect' implies an acknowledgement of something, but it doesn't convey positive or negative feelings. 'Blooper' suggests a humorous error, which could be interpreted as neutral in the context of the video.

* **Contextual Analysis:** The comment appears to be referencing a blooper (a mistake) within the video. This is likely not intended to express strong emotions like anger, frustration, or excitement.  The comment simply acknowledges the occurrence of an error without expressing any particular sentiment.",2.73,0.02,607,0.05,171,2.66,0,1,8192
Leap out of the deck??!! üòÇ cgi machines ready üòÇüòÇüòÇ Jason you leave me stunned my friend!!! you are so MASTER GOAT!!! ‚ù§‚ù§ Greetz Spiecull. üéâ,POSITIVE,"This comment exhibits strong positive sentiment, indicating a high level of approval and admiration for the video content. Here's why:

* **Excitement & Humor:** The phrase 'Leap out of the deck??!! üòÇ' demonstrates clear amusement and excitement at the unexpected action. This suggests a positive reaction to the performance.
* **Enthusiastic Language:** Words like 'stunned', 'master GOAT', and '‚ù§‚ù§' express strong approval and admiration for Jason's skills and personality. These are all indicators of a positive sentiment.
* **Contextual Connection:** The comment connects with the video context by referencing Jason's performance, highlighting his skill and entertaining nature. This further reinforces the positive sentiment.

Overall, the comment is filled with positive language, humor, and admiration for the content creator, indicating a strong positive sentiment.",3.11,0.02,635,0.07,194,3.01,0,1,8192
I love when someone who is the best at something is arrogant.  You've certainly earned the right.,POSITIVE,"The comment expresses a positive sentiment towards the speaker, specifically highlighting their 'arrogance'. This can be interpreted as admiration for their skill and confidence in their abilities. }",1.40,0.02,621,0.05,71,1.34,0,1,8192
Waterfall with two cards. Absolutely incredible!,POSITIVE,"The comment expresses strong positive sentiment towards the video content. Here's why:

* **",1.11,0.02,608,0.05,51,1.04,0,1,8192
I really enjoy this channel. Your card manipulation skills are mind blowing. Take care eh ‚úåÔ∏èüá®üá¶,POSITIVE,"This comment expresses a clear and enthusiastic positive sentiment towards the YouTube channel. Here's why: 

* **",1.60,0.02,621,0.05,71,1.52,0,1,8192
Aha!mm     i figuree it out ...If you look at the dark silver car thats just behind Jasons head  on the book shelf  payclose  attention to the angle of the green case .. then after he touches his face  roughly around 42 seconds in  you will notice that i have no idea how he does it,NEUTRAL,"The comment expresses a sense of intrigue and curiosity rather than strong positive or negative sentiment. Here's why: 1) **Observation & Inquiry:** The commenter focuses on specific details within the video, suggesting they are actively engaged in observation and analysis. Phrases like 'Aha!mm', 'figure it out', and 'pay close attention' indicate a desire to understand the process.  2) **Intrigue:** The comment highlights a point of confusion or mystery about how something is done. ",2.06,0.02,669,0.10,118,1.94,0,1,8192
"""Shuffles legit obviously.""",POSITIVE,"The comment 'Shuffles legit obviously.' exhibits a clear positive sentiment. Here's why:

* **Tone:** The use of the word 'legit' suggests approval and agreement, indicating a positive feeling towards the action described in the video.
* **Word Choice:**  The phrase 'shuffles legit' is informal and casual, but it conveys confidence and excitement about the process. It implies that the speaker finds the shuffling technique impressive or effective.
* **Context:** The comment appears within a YouTube video where the speaker is demonstrating card-shuffling techniques for a cosmetic dentist. This context suggests a playful and enthusiastic tone, further reinforcing the positive sentiment.",2.52,0.02,605,0.05,157,2.45,0,1,8192
