Comment,llama3.2:1b - Sentiment,llama3.2:1b - Reasoning,llama3.2:1b - Total Duration,llama3.2:1b - Load Duration,llama3.2:1b - Prompt Eval Count,llama3.2:1b - Prompt Eval Duration,llama3.2:1b - Eval Count,llama3.2:1b - Eval Duration,llama3.2:1b - Temperature,llama3.2:1b - Seed,llama3.2:1b - Num_ctx
Leaving.  Very impressive but getting old.  Peace out.,NEGATIVE,"The comment's emotional tone is one of disappointment and frustration, as indicated by the phrase 'getting old'. The use of the word 'impressive' in a negative context suggests that the speaker did not find the content impressive. Additionally, the phrase 'peace out' implies a sense of closure or finality, which may be perceived as abrupt or dismissive. Furthermore, the tone is somewhat confrontational, with the comment ending abruptly without any further explanation or justification. The lack of positive language and the overall negative sentiment suggest that the comment is classified as NEGATIVE.",2.01,0.01,171,0.68,131,1.32,0,1,8192
"Hey Jason, love you and your videos. My name is XXX and I'm in the US army and currently deployed in Iraq (me in pfp). Your videos have gotten me through a lot of tough days of deployment so first off thank you for entertaining me. But I have a request, I'm scheduled to come home on June 18th so if you could do a trick, any trick you like with the 6, 1, and 8 it would make my whole week. I wish you nothing but more success and growth on your channel and please keep posting so I don't die of boredom out here. I plan on going to a show when I get back this summer so post those dates as soon as you know them! All love from Iraq!""",NEGATIVE,"This sentiment is negative for several reasons. Firstly, the commenter expresses their gratitude towards Jason for entertaining them during tough times of deployment, but then immediately follows up with a request to perform a trick on his channel. This suggests that the commenter's primary motivation is not to engage with Jason's content, but rather to seek entertainment and distraction from their own experiences in Iraq. The use of phrases such as 'I wish you nothing but more success' also implies that the commenter feels overshadowed by Jason's achievements and does not feel valued or appreciated for his contributions to the channel. Furthermore, the commenter explicitly states that they plan on going to a show when they get back, implying that their time is limited and they are looking forward to leaving Iraq as soon as possible. Overall, this sentiment suggests that the commenter has mixed feelings about Jason's content, but ultimately feels that it does not provide enough value or fulfillment for them.",2.26,0.01,313,0.10,201,2.15,0,1,8192
He even trash talks himself  truly no one is safe,NEGATIVE,"The tone of this comment is extremely negative due to the use of strong language and phrases. The word 'trash' is a highly derogatory term often associated with insults, and the phrase 'truly no one is safe' implies that the speaker believes themselves are above the law or that they have complete control over others. This kind of language can be perceived as threatening, aggressive, and dismissive of others' feelings. The context of the comment also suggests that it was posted in response to a video that may have been critical or provocative, further contributing to its negative sentiment. Overall, the combination of these factors makes this comment extremely negative in tone.",1.58,0.01,170,0.02,148,1.54,0,1,8192
"Welcome to the hustle, indeed! üòÖ I love how the ""includes paid promotion"" tag was there. I don't even know what's real anymore. But you are still the goal.",NEGATIVE,"The tone of this comment is sarcastic and dismissive, with a hint of irony. The use of emojis like üòÖ and ü§î suggests that the commenter is being facetious or tongue-in-cheek. The phrase 'I love how' implies that the commenter is not genuinely enthusiastic about something, but rather mocking it. Additionally, the comment's focus on the perceived superficiality of the promotion ('don't even know what's real anymore') reinforces a negative sentiment. Furthermore, the commenter explicitly states that they are still working towards their goal, which suggests that they do not believe in the promotion or its value. Overall, this comment is characterized by a tone that is critical and dismissive, with a clear intention to belittle or mock the idea being promoted.",1.82,0.01,197,0.04,172,1.77,0,1,8192
"""I am so good""  ü§£ü§£ü§£",NEGATIVE,"The comment's emotional tone is one of mockery and sarcasm, indicated by the excessive use of laughter emojis (ü§£) and the repetition of the phrase 'I am so good'. This suggests that the speaker is being facetious or ironic in their statement. Additionally, the context of a YouTube video where someone is trying to be funny or impressive seems to have contributed to this tone. The speaker's over-the-top praise for themselves implies that they are not genuinely impressed with what they are doing, but rather trying to make others laugh or feel good about themselves. Furthermore, the use of excessive laughter emojis and the phrase 'I am so good' itself is a clear indication of sarcasm, which reinforces my classification as NEGATIVE.",1.65,0.01,175,0.02,165,1.61,0,1,8192
It doesn't matter how many times I watch these videos  or how many times I think I might've seen something... This guy right here is hands down the best I've ever seen. It's not even close. And he seems like he'd be a helluva guy to hang out with! Thanks for all the awesome content!,POSITIVE,"This comment's emotional tone is overwhelmingly positive, driven by the speaker's enthusiasm and admiration for the person they're commenting on. The use of superlatives such as 'hands down the best', 'helluva guy to hang out with' emphasizes their strong opinion. Key phrases like 'I've ever seen' and 'thanks for all the awesome content!' also convey a sense of excitement and appreciation. Furthermore, the context suggests that the speaker has been following this person's work and is genuinely impressed by their talent. The tone is not only positive but also respectful and appreciative, indicating a strong likelihood of the comment being a genuine endorsement.",1.56,0.01,226,0.05,147,1.50,0,1,8192
Nicely done and she paid 500 for an advertisement.  üòÇ,NEGATIVE,"The comment's emotional tone is sarcastic, with a dash of humor. The use of the phrase 'she paid 500' followed by a laugh emoji (üòÇ) indicates that the speaker is being facetious and mocking the person who made the purchase. This tone is clearly negative as it implies that the speaker thinks the advertisement was overpriced or unnecessary. Additionally, the comment's brevity and lack of constructive criticism suggest that the speaker does not have a positive opinion about the advertisement. The context from the transcript is also relevant, as there is no mention of any issues with the advertisement itself, only the price paid by the person who made the purchase. Overall, the sentiment of this comment is clearly negative due to its sarcastic and humorous tone.",1.76,0.01,174,0.03,171,1.73,0,1,8192
Saw Jason live in Boca Raton. He is even better live. Definitely the GOAT!!,POSITIVE,"The sentiment of this comment can be classified as POSITIVE due to several key factors. Firstly, the use of superlatives such as 'even better live' and 'GOAT' strongly indicates a positive emotional tone. The phrase 'definitely the GOAT' is particularly telling, as it explicitly states Jason's greatness in a bold and confident manner. Additionally, the enthusiastic language used throughout the comment, including phrases like 'Saw', 'live', and 'best of all time', further reinforces the overall positive sentiment. Furthermore, the commenter's use of exclamation marks at the end of each sentence adds to the energetic and excited tone, creating a sense of urgency and emphasis on Jason's greatness. Overall, the combination of superlatives, enthusiastic language, and exclamatory phrases creates a clear and unmistakable positive emotional tone in this comment.",1.98,0.01,177,0.02,189,1.95,0,1,8192
Always love the waterfall trick! Truly impressive,POSITIVE,"The comment's emotional tone is overwhelmingly positive. The word 'love' explicitly states a strong affection for the waterfall trick, indicating a high level of enthusiasm and admiration. Additionally, phrases like 'Truly impressive' convey a sense of awe and respect, further emphasizing the positive sentiment. Contextually, there is no negative language or criticism mentioned in the comment, which suggests that the commenter's opinion is entirely favorable. The use of all capital letters for the word 'TRULY' also adds to the overall positivity, as it emphasizes the intensity of the commenter's praise. Overall, the tone and language used in this comment create a clear and strong positive sentiment.",1.58,0.01,167,0.02,150,1.54,0,1,8192
I have been watching you very closely do these tricks and I can never spot how in the world you pull these tricks off. So after careful analysis  I have decided that Magic is 100% real and you my friend have mastered it!,POSITIVE,"The tone of this comment is overwhelmingly positive due to several key phrases and words that influenced the classification. Here's a breakdown of the reasoning process:

- The use of 'very closely' creates an image of admiration and respect, indicating that the commenter has a high level of appreciation for the person performing magic tricks.
- The phrase 'I can never spot how in the world you pull these tricks off' is a direct compliment, implying that the commenter is impressed by the magician's skill and ability to perform tricks convincingly. This phrase suggests that the commenter values the magician's performance and has high confidence in their abilities.
- The use of the word 'decided' implies a sense of certainty or conviction, which further reinforces the positive sentiment. It also indicates that the commenter has taken the time to carefully analyze the magician's tricks and has come to a conclusion about their authenticity.
- The final phrase 'you my friend have mastered it!' is an expression of admiration and respect, emphasizing the commenter's appreciation for the magician's skill and expertise. This phrase adds to the overall positive tone of the comment and reinforces the idea that the commenter holds the magician in high esteem.

- Context consideration from the transcript: The comment appears to be a genuine review or endorsement of the magician's performance, with no apparent negative comments or criticisms. The commenter's enthusiasm and admiration for the magician's skills are evident throughout the text, suggesting that they have had a positive experience with the performer.",3.26,0.01,206,0.04,318,3.21,0,1,8192
This man's CGI machine must be burning  üòÇ,NEGATIVE,"This comment's emotional tone is one of shock and amusement, indicated by the use of a facial expression (üòÇ) that conveys laughter. The word 'burning' also suggests a sense of intensity or severity, which further reinforces the negative sentiment. Additionally, the phrase 'must be burning' implies a strong negative emotion, as if something is causing harm or distress. Contextually, this comment appears to be responding to a video or image that has been deemed disturbing or unsettling by the commenter. The tone and language used suggest that the commenter is expressing frustration or disappointment with what they perceive as an inappropriate or insensitive content.",1.45,0.01,170,0.02,143,1.41,0,1,8192
Another great vid. His CGI crew must be up to half a dozen employees by now to be able to keep up with all his amazing tricks  Genius is expensive,POSITIVE,"The sentiment of this comment can be classified as POSITIVE due to the following reasons:

- The commenter uses superlatives such as 'Another great vid' and 'amazing tricks', which convey a sense of admiration and enthusiasm.
- They also mention that the CGI crew must be up to half a dozen employees, implying that they are impressed by the complexity and quality of the video's special effects. This suggests that the commenter values the effort and expertise put into creating such impressive visuals.
- The phrase 'Genius is expensive' further reinforces the positive sentiment, as it implies that the creator's talent and skill are worth a significant investment of time, money, or resources.

- Contextually, this comment appears to be part of a larger conversation about a video on YouTube. Given the context, it is likely that the commenter has watched the video multiple times and is expressing their appreciation for its quality and creativity. This suggests that they are not just making a casual comment but rather have invested time and effort into watching and enjoying the content.

- The tone of the comment is also positive, as the commenter uses words like 'great' and 'amazing', which convey a sense of approval and satisfaction with the video's quality. Overall, the combination of superlatives, praise for the creator's skill, and context suggest that this comment is expressing genuine admiration and appreciation for the video.",3.06,0.01,191,0.04,304,3.01,0,1,8192
Hardest thing for Mr Jason - talking to the wall like there is actually someone standing,NEGATIVE,"The sentiment of this comment can be classified as NEGATIVE due to several key phrases and words that influenced my decision. Here's a detailed breakdown of the analysis: - The phrase 'talking to the wall' is an idiomatic expression meaning to ignore or dismiss someone, which implies a lack of empathy and understanding. This suggests that Mr Jason's behavior was not only rude but also unhelpful. - The use of all capital letters for 'wall' further emphasizes the tone as being confrontational and aggressive. - The phrase 'there is actually someone standing' is an exaggeration, implying that there are people who can provide support or assistance, which contradicts Mr Jason's claim. This suggests that he was not genuinely seeking help but rather trying to provoke a reaction. - The context of the comment appears to be from a YouTube video where Mr Jason is being interviewed or lectured by someone else. Given this setting, it's likely that Mr Jason is being asked questions and is expected to respond coherently. However, his behavior in the comment suggests that he is not willing to engage with others or listen to their concerns, which would be a more typical expectation in such a context. Overall, the tone of the comment is confrontational and dismissive, indicating a negative sentiment towards Mr Jason's behavior.",2.87,0.01,176,0.03,280,2.83,0,1,8192
Respect for leaving in the blooper,POSITIVE,"The comment's emotional tone is one of respect and appreciation. The phrase 'Respect for leaving in the blooper' suggests that the commenter values the effort put into creating a funny video, even if it didn't quite work out as planned. This sentiment is reinforced by the use of words like 'blooper', which implies a sense of humor and playfulness. Additionally, the commenter's tone is polite and courteous, with no negative language or aggressive comments. The context of the comment also suggests that it was left in response to a video that had already been viewed and discussed on YouTube, implying that the commenter wanted to acknowledge the effort put into creating the content without being confrontational. Overall, the sentiment of this comment is one of respect and appreciation for the creator's efforts, which is evident in its tone, language, and context.",1.93,0.01,166,0.02,186,1.89,0,1,8192
Leap out of the deck??!! üòÇ cgi machines ready üòÇüòÇüòÇ Jason you leave me stunned my friend!!! you are so MASTER GOAT!!! ‚ù§‚ù§ Greetz Spiecull. üéâ,POSITIVE,"The sentiment of this comment can be classified as POSITIVE due to the following reasons:
- The use of emojis (üòÇ, üòÇ, üòÇ) and exclamation marks (!!!) convey excitement and enthusiasm.
- The phrase 'Leap out of the deck??!!' is an idiomatic expression meaning to surprise someone, which suggests a positive reaction.
- The words 'cgi machines ready', 'Jason you leave me stunned my friend!!!', and 'you are so MASTER GOAT!' all express admiration and praise for Jason's skills or abilities.
- The use of the word 'MASTER' is particularly strong, indicating that the commenter holds Jason in high esteem.
- The phrase 'Greetz Spiecull.' at the end of the comment adds a friendly and informal touch, further emphasizing the positive sentiment.
- Contextually, this comment appears to be from someone who has been watching a video or presentation featuring Jason, and is expressing their surprise and admiration for his skills. This suggests that the commenter's tone is genuine and enthusiastic.",2.36,0.01,204,0.04,233,2.31,0,1,8192
I love when someone who is the best at something is arrogant.  You've certainly earned the right.,NEGATIVE,"The sentiment of this comment can be classified as NEGATIVE due to several key points that influence my decision. Firstly, the use of the word 'arrogant' is a strong indicator of negative emotions. The tone of the comment seems to be one of disdain or criticism towards someone who excels in their field. This suggests that the commenter does not respect or appreciate the person's abilities, which is a common trait associated with negative sentiment. Additionally, the phrase 'You've certainly earned the right' implies that the commenter believes the person has achieved something undeserved or unearned, further reinforcing the negative tone. Furthermore, the comment does not contain any positive language or phrases that could suggest otherwise. The context of the transcript is also relevant; there are no mentions of the person being arrogant themselves, which would have been a more neutral or even positive sentiment. Overall, the combination of these factors leads me to conclude that this comment has a negative sentiment.",2.18,0.01,179,0.03,208,2.14,0,1,8192
Waterfall with two cards. Absolutely incredible!,POSITIVE,"The comment's emotional tone is overwhelmingly positive, as indicated by the use of superlatives ('absolutely incredible') and enthusiastic language ('Waterfall with two cards'). The key phrase that influenced my decision was 'Absolutely incredible!', which suggests a strong sense of admiration. Additionally, the context provided in the transcript does not suggest any negative sentiments or criticisms. Overall, the tone is one of unbridled enthusiasm and excitement for the product or service being reviewed.",1.14,0.01,167,0.02,109,1.10,0,1,8192
I really enjoy this channel. Your card manipulation skills are mind blowing. Take care eh ‚úåÔ∏èüá®üá¶,POSITIVE,"The sentiment of the comment can be classified as POSITIVE due to several key factors. Firstly, the use of enthusiastic language such as 'I really enjoy' and 'mind blowing' creates a positive emotional tone. The phrase 'Take care eh' is also a friendly and approachable way to end the comment, which contributes to its overall positive sentiment. Additionally, the mention of specific skills (card manipulation) suggests that the channel's creator has done their job well, which can be perceived as impressive and admirable. Furthermore, the use of emojis such as ‚úåÔ∏èüá®üá¶ adds a lighthearted and playful touch to the comment, further enhancing its positive sentiment. Overall, the combination of these factors creates a strong positive emotional tone that is characteristic of a POSITIVE sentiment.",1.87,0.01,185,0.04,179,1.82,0,1,8192
Aha!mm     i figuree it out ...If you look at the dark silver car thats just behind Jasons head  on the book shelf  payclose  attention to the angle of the green case .. then after he touches his face  roughly around 42 seconds in  you will notice that i have no idea how he does it,NEGATIVE,"The sentiment of this comment can be classified as NEGATIVE due to the following reasons:
- The tone is sarcastic and dismissive, with phrases like 'i figuree' which implies a lack of confidence in Jason's abilities.
- The use of words like 'roughly around 42 seconds' creates an air of uncertainty and skepticism about how Jason can achieve such a feat.
- The comment also contains a hint of mockery towards Jason's supposed skills, with the phrase 'i have no idea how he does it'.
- Additionally, the mention of a dark silver car on a bookshelf is presented as a curiosity, but in a way that implies it's something to be puzzled over rather than something impressive or remarkable.
- The overall context suggests that the comment is meant to be humorous and ironic, which further reinforces the negative sentiment.
- There are no key phrases or words that suggest any genuine concern or praise for Jason's abilities. Instead, the tone is laced with sarcasm and ridicule, indicating a negative sentiment towards Jason's supposed skills.",2.41,0.01,228,0.05,235,2.35,0,1,8192
"""Shuffles legit obviously.""",NEGATIVE,"The comment's emotional tone is one of dismissal and skepticism. The word 'legit' has a negative connotation, implying that the speaker thinks something is fake or not genuine. The phrase 'obviously' also carries a negative tone, suggesting that the speaker believes the person making the statement is being overly obvious in their opinion. Furthermore, the use of all capital letters for 'Shuffles' and 'legit' emphasizes the speaker's emphasis on these words, which reinforces the overall negative sentiment. Additionally, the context suggests that the comment is likely from someone who has been misled or deceived by the person making the statement, adding to the negative emotional tone. Overall, the combination of these factors leads me to classify this comment as NEGATIVE.",1.70,0.01,164,0.02,167,1.66,0,1,8192
