Comment,phi3.5 - Sentiment,phi3.5 - Reasoning,phi3.5 - Total Duration,phi3.5 - Load Duration,phi3.5 - Prompt Eval Count,phi3.5 - Prompt Eval Duration,phi3.5 - Eval Count,phi3.5 - Eval Duration,phi3.5 - Temperature,phi3.5 - Seed,phi3.5 - Num_ctx
Leaving.  Very impressive but getting old.  Peace out.,NEGATIVE,"The sentiment of the comment is negative based on several factors in its tone, word choice, and implied context:   The phrase 'Leaving' indicates a departure from whatever situation or event was being discussed. This often carries a finality that can be associated with dissatisfaction or disinterest. Additionally, describing something as 'Very impressive' might initially suggest positivity; however, it is immediately followed by the negative connotation of getting old which implies frustration related to age and possibly an inability to keep up with expectations‚Äîthis could refer either personally (to oneself) or professionally if discussing a service. The final statement 'Peace out' reinforces this negativity, as it is commonly used when someone decides they are done engaging due to discomfort and wishes for an end rather than continuation of the interaction. There isn‚Äôt any explicit positive sentiment expressed that would counterbalance these negative cues; hence, despite a potentially neutral or mixed beginning with praise, the overall tone leans towards dissatisfaction leading to withdrawal from participation.",7.97,0.01,672,2.86,250,5.10,0,1,8192
"Hey Jason, love you and your videos. My name is XXX and I'm in the US army and currently deployed in Iraq (me in pfp). Your videos have gotten me through a lot of tough days of deployment so first off thank you for entertaining me. But I have a request, I'm scheduled to come home on June 18th so if you could do a trick, any trick you like with the 6, 1, and 8 it would make my whole week. I wish you nothing but more success and growth on your channel and please keep posting so I don't die of boredom out here. I plan on going to a show when I get back this summer so post those dates as soon as you know them! All love from Iraq!""",POSITIVE,"The sentiment of the YouTube comment is positive for several reasons. Firstly, the tone throughout the message conveys gratitude and appreciation; this can be seen in phrases like 'love you,' which indicates a strong emotional connection to Jason's content, as well as expressions such as 'thank you for entertaining me.' The commenter acknowledges that his videos have been helpful during challenging times ('gotten me through a lot of tough days'). Secondly, the request made by the user is specific and light-hearted‚Äîasking Jason to perform an illusion with certain cards. While it's not directly related to video content creation or dentistry (the main topic mentioned in connection with Dr Elana), this shows engagement and enthusiasm for what Jason does, which aligns positively with the channel‚Äôs purpose of entertainment through tricks and videos. Thirdly, there is a forward-looking optimism about future visits to live events where they can enjoy more content from Jason's channel ('I plan on going to a show when I get back this summer'). The user also expresses love for the creator with 'All love from Iraq,' which adds warmth and positivity. Although there is an element of humor in asking about specific card tricks, it does not detract from but rather complements his overall positive engagement with Jason's content. There are no negative phrases or words that would suggest a different sentiment.",7.29,0.00,825,0.33,329,6.95,0,1,8192
He even trash talks himself  truly no one is safe,NEGATIVE,"The sentiment of the comment 'He even trash talks himself; truly, no one is safe' is negative. The tone conveyed by this statement suggests frustration or disappointment with an individual who appears to be boastful and lacking in humility. Key phrases that influence this decision include: 1) ",1.93,0.00,671,0.07,93,1.86,0,1,8192
"Welcome to the hustle, indeed! üòÖ I love how the ""includes paid promotion"" tag was there. I don't even know what's real anymore. But you are still the goal.",POSITIVE,"The sentiment of this YouTube comment is positive, despite a touch of sarcasm and humor suggested by the use of 'üòÖ' (winking face with tears of joy) emoji. The user appears to be engaged in playful banter about what seems like an advertisement or promotional content related to cosmetic dentistry services offered for $500, as indicated by the transcript context provided earlier. Here are the detailed reasons: 1. Tone analysis: Despite a slight sarcastic tone implied through phrases such as 'I don't even know what's real anymore,' which could suggest skepticism about advertisements or promotions, there is an overall light-hearted and amused demeanor in the commentary. The use of ",4.04,0.00,704,0.12,192,3.91,0,1,8192
"""I am so good""  ü§£ü§£ü§£",POSITIVE,"The sentiment of the comment is positive, as indicated by several factors in its tone and word choice. The use of laughter emojis 'ü§£' suggests that the person found something amusing or entertaining about whatever situation they are discussing, which typically leans towards a positive reaction rather than negativity. Additionally, phrases like ",2.32,0.00,676,0.07,110,2.24,0,1,8192
It doesn't matter how many times I watch these videos  or how many times I think I might've seen something... This guy right here is hands down the best I've ever seen. It's not even close. And he seems like he'd be a helluva guy to hang out with! Thanks for all the awesome content!,POSITIVE,"The sentiment of the YouTube comment is positive, as indicated by several key phrases and words that convey enthusiasm and approval. Here's a detailed analysis:   Tone Analysis - The tone throughout the comment is upbeat and admiring; there are no negative or critical remarks made about anything mentioned in the video context provided. Key Phrases/Words Influencing Decision - Words such as ",2.44,0.00,732,0.17,112,2.27,0,1,8192
Nicely done and she paid 500 for an advertisement.  üòÇ,POSITIVE,"The sentiment of the comment is positive, as indicated by several elements in its analysis:    Tone Analysis: The tone of the comment appears light-hearted and amused. This can be inferred from the use of laughter represented by the laughing emoji 'üòÇ', which typically conveys enjoyment or humor rather than negativity. Key Phrases/Words Influence: Words such as ",2.57,0.00,680,0.07,123,2.49,0,1,8192
Saw Jason live in Boca Raton. He is even better live. Definitely the GOAT!!,POSITIVE,"The sentiment of the comment provided is positive for several reasons: Firstly, there's an enthusiastic tone conveyed through exclamation marks and energetic phrasing such as 'Definitely the GOAT!'. The word choice here indicates a strong endorsement; 'GOAT', which stands for 'Greatest Of All Time,' is often used to express admiration or high regard. Secondly, there's an upbeat tone implied by stating that Jason performs even better in live settings compared to other situations ('even better live'). The context of the comment suggests it might be from a performance review or personal experience where someone has witnessed and appreciated Jason‚Äôs skills firsthand during his appearance at Boca Raton. These elements combine to create an overall positive sentiment towards Jason, highlighting their exceptional talent in that particular setting.",4.10,0.00,680,0.07,199,4.02,0,1,8192
Always love the waterfall trick! Truly impressive,POSITIVE,"The sentiment of the comment is positive based on several factors. The tone analysis reveals enthusiasm and admiration, as indicated by the use of exclamation marks after phrases like 'Love' and 'impressive'. Key phrases that influenced this decision include 'Always love', which shows a consistent appreciation for past performances or actions related to waterfall card tricks, suggesting ongoing enjoyment. The word choice such as 'truly impressive' further emphasizes the commenter‚Äôs admiration and suggests they find something remarkable about what is being performed. There are no negative words or phrases present in the transcript that would indicate dissatisfaction or disappointment. Additionally, considering there might be a video context where someone performs waterfall card tricks for money (as hinted by mentioning '500' and referring to it as an easy trick), this comment likely comes from watching such content with positive feelings towards the skill displayed in executing these impressive feats of sleight-of-hand. The overall sentiment is one that praises or enjoys what they have witnessed, which aligns with a POSITIVE classification.",5.40,0.00,670,0.07,263,5.33,0,1,8192
I have been watching you very closely do these tricks and I can never spot how in the world you pull these tricks off. So after careful analysis  I have decided that Magic is 100% real and you my friend have mastered it!,POSITIVE,"The sentiment of the YouTube comment provided can be classified as positive for several reasons. Firstly, from a tone analysis perspective, the language used is enthusiastic and supportive rather than critical or dismissive; phrases like 'I have been watching you very closely' suggest admiration and interest in the individual‚Äôs skill level. The word choice further emphasizes this sentiment with expressions of amazement such as 'in the world,' which implies a sense of wonder at their abilities, followed by an affirmation that they seem to possess genuine talent or mastery over magic tricks ‚Äì indicated through phrases like '100% real' and 'you my friend have mastered it.' These words convey respect for both the performer‚Äôs skill level. Secondly, key phrases such as ‚Äòmastered,‚Äô which denotes a high degree of proficiency or expertise in performing magic tricks ‚Äì reinforce this positive sentiment by acknowledging not just competence but an exceptional standard that has been reached. Thirdly, considering there is no video context provided beyond the comment itself and without additional information suggesting otherwise, we can infer from these phrases alone a genuine appreciation for what's being performed or discussed in relation to magic tricks on YouTube videos by this individual. The overall sentiment of admiration and positive reinforcement towards someone‚Äôs mastery over performing illusions is clear through the commenter‚Äôs words, leading us to classify it as a POSITIVE statement regarding their performance.",7.05,0.01,710,0.12,336,6.92,0,1,8192
This man's CGI machine must be burning  üòÇ,POSITIVE,"The sentiment of the comment is positive, as indicated by several factors in its tone and word choice. The use of a laughing emoji 'üòÇ' suggests that the commenter found humor or amusement in what they are describing, which typically connotes enjoyment rather than negativity. Additionally, phrases like ",2.23,0.00,673,0.07,106,2.15,0,1,8192
Another great vid. His CGI crew must be up to half a dozen employees by now to be able to keep up with all his amazing tricks  Genius is expensive,POSITIVE,"The sentiment of the YouTube comment provided can be classified as positive for several reasons. Firstly, from a tone analysis perspective, there's an enthusiastic and appreciative undertone conveyed through phrases like 'Another great vid,' which indicates that the viewer enjoyed watching another video by presumably the same creator or subject matter expert in question. The word choice further emphasizes this positive sentiment; terms such as 'amazing tricks' suggest admiration for skillful and impressive content, while describing someone with a talent like 'genius,' which is often associated with exceptional intelligence or ability, adds to the praise being given.  Phrases that influenced my decision include: ",3.58,0.00,695,0.12,171,3.46,0,1,8192
Hardest thing for Mr Jason - talking to the wall like there is actually someone standing,NEGATIVE,"The sentiment of the comment provided reflects a negative emotional tone. The key phrases that influenced this decision include 'hardest thing for Mr Jason' and 'talk to the wall like there is actually someone standing,' which suggest frustration or difficulty in communication with an individual named Mr Jason, possibly due to his lack of attention or responsiveness during conversations. These expressions convey a sense of exasperation and dissatisfaction with the situation described. The tone here implies that the commenter finds this experience challenging and undesirable. There is no explicit positive language used in the statement; rather, it focuses on highlighting an issue or struggle they are facing. Since there is no video context provided to further analyze non-verbal cues such as facial expressions or tone of voice from a visual medium like YouTube, we rely solely on the textual content for sentiment analysis. The negative sentiments expressed in this comment indicate that Mr Jason'sin communication style may be causing inconvenience or discomfort for others involved.",4.88,0.00,676,0.07,237,4.80,0,1,8192
Respect for leaving in the blooper,POSITIVE,"The sentiment of this comment is positive, despite mentioning a mistake or 'bloop'. The tone can be interpreted as understanding and forgiving rather than critical. Here's the detailed analysis:   # Tone Analysis - The overall tone seems to be light-hearted and playful with an acceptance attitude towards errors being made during whatever context this comment is related to, suggesting a friendly environment where mistakes are not heavily frowned upon but instead seen as part of learning or entertainment.    # Key Phrases/Words - The phrase ",2.97,0.00,666,0.07,143,2.90,0,1,8192
Leap out of the deck??!! üòÇ cgi machines ready üòÇüòÇüòÇ Jason you leave me stunned my friend!!! you are so MASTER GOAT!!! ‚ù§‚ù§ Greetz Spiecull. üéâ,POSITIVE,"The sentiment of the YouTube comment is positive, as indicated by several factors in its tone and word choice:   #1 Tone Analysis - The use of laughter emojis (üòÇ) suggests a light-hearted, amused reaction to Jason's statement about leaping cards out of the deck. This indicates enjoyment rather than disbelief or frustration. Additionally, the excitement is further conveyed by multiple exclamation points and an enthusiastic greeting at the end (",2.75,0.00,725,0.17,127,2.57,0,1,8192
I love when someone who is the best at something is arrogant.  You've certainly earned the right.,POSITIVE,"The sentiment of this YouTube comment can be classified as positive for several reasons:   # Tone Analysis The tone of the comment is complimentary and admiring, which indicates a sense of approval or enjoyment. There's an underlying humor in expressing amusement at someone who confidently showcases their expertise but also comes across arrogantly. This light-hearted jab suggests that the speaker finds it endearing rather than offensive. # Key Phrases The phrases ",2.91,0.00,681,0.07,139,2.84,0,1,8192
Waterfall with two cards. Absolutely incredible!,POSITIVE,"The sentiment of the comment is positive, as indicated by several factors in its analysis:   Tone Analysis - The tone of excitement and admiration can be inferred from enthusiastic language such as 'Absolutely incredible,' which conveys a strong sense of amazement. Key Phrases or Words Influencing Decision - Specific phrases like 'Waterfall with two cards' suggest that the commenter is referring to an impressive visual effect, likely seen in a video related to card tricks or illusions. The use of superlatives such as 'absolutely incredible' amplifies this positive sentiment by expressing extreme approval and delight at what they have witnessed. Context Consideration - While the provided transcript does not directly relate to the comment about cards, it suggests a context where visual demonstrations are appreciated (e.g., in magic shows or similar performances). The excitement over seeing two specific cards leap out of a deck as part of an illusion aligns with this appreciative tone for visually impressive feats. Therefore, considering both the emotional language and implied enjoyment from witnessing such tricks, it is reasonable to classify the sentiment of this comment about card manipulation or magic as positive.",5.87,0.00,670,0.07,286,5.79,0,1,8192
I really enjoy this channel. Your card manipulation skills are mind blowing. Take care eh ‚úåÔ∏èüá®üá¶,POSITIVE,"The sentiment of the YouTube comment is positive for several reasons: Firstly, the tone conveyed by phrases such as 'I really enjoy this channel' and 'Your card manipulation skills are mind blowing' indicates a strong appreciation and admiration. The use of superlatives like 'mind-blowing' amplifies these feelings further, suggesting that the commenter is genuinely impressed with what they have seen or experienced on the video. Additionally, there‚Äôs an element of playfulness in their tone as indicated by the casual and friendly signoff 'eh ‚úåÔ∏èüá®üá¶', which often implies a sense of camaraderie among viewers who share similar interests. The comment also suggests that they are actively engaged with or looking forward to watching more content, reinforcing their positive sentiment towards the channel and its creator's skills. There is no negative language used nor any indication of dissatisfaction in this feedback.",4.75,0.00,691,0.12,229,4.63,0,1,8192
Aha!mm     i figuree it out ...If you look at the dark silver car thats just behind Jasons head  on the book shelf  payclose  attention to the angle of the green case .. then after he touches his face  roughly around 42 seconds in  you will notice that i have no idea how he does it,POSITIVE,"The sentiment expressed in this YouTube comment is positive for several reasons. Firstly, the tone of excitement and admiration can be inferred from phrases like 'Aha!' which indicates a moment of realization or discovery with enthusiasm. The use of all caps ('I figuree it out') further emphasizes their strong reaction to noticing something specific about Jason's actions in the video, suggesting they found this detail particularly interesting or clever. Additionally, there is an element of playfulness and engagement as the commenter describes a process that seems almost magical ‚Äì 'cards don‚Äôt leap out of a deck but we‚Äôll try.' This suggests enjoyment from watching someone perform something unexpectedly impressive with cards. The mention of paying close attention to specific details, such as the angle of Jason's green case and his subsequent facial action after touching it, implies that they are actively involved in observing and appreciating these nuances within the video content.  Furthermore, there is a sense of community or shared experience when referring to others who might also notice this detail ('you will notice'). The comment ends on an inclusive note with 'so welcome,' which adds warmth and friendliness towards those viewers sharing their attention in similar ways. Overall, the language used conveys enjoyment and a positive interaction with both the content of the video and potentially other like-minded individuals who notice such details as well.",6.81,0.00,730,0.17,322,6.63,0,1,8192
"""Shuffles legit obviously.""",POSITIVE,"The sentiment of the comment 'Shuffles legit obviously.' is positive. Here's a detailed analysis supporting this classification:   Tone Analysis - The tone conveyed by the speaker appears to be one of approval and acceptance, as indicated by the word choice 'legit,' which suggests that they find something genuine or authentic about what has been described or demonstrated in their context (likely related to card shuffling). Key Phrases Influencing Decision - The phrase 'Shuffles legit' directly implies a positive judgment of fairness and honesty, suggesting the speaker trusts the process being discussed. Context Consideration - While there is no additional video transcript provided for deeper contextual analysis beyond this comment itself, within the given text it seems to be part of an enthusiastic endorsement or praise directed towards a cosmetic dentist's services in San Diego and their ability to handle complex tasks like extracting specific cards from a deck. The speaker also mentions paying $500 for these presumably high-quality, specialized services with confidence that they are worth the cost ('that‚Äôs easy'). Overall Sentiment - Given the approving tone, positive language choice, and context of endorsement within an advertisement or testimonial about a service in San Diego, it is reasonable to interpret this comment as expressing satisfaction and positivity. Therefore, I classify the sentiment here as POSITIVE.",6.66,0.00,664,0.07,325,6.59,0,1,8192
