Comment,mistral-small:22b - Sentiment,mistral-small:22b - Reasoning,mistral-small:22b - Total Duration,mistral-small:22b - Load Duration,mistral-small:22b - Prompt Eval Count,mistral-small:22b - Prompt Eval Duration,mistral-small:22b - Eval Count,mistral-small:22b - Eval Duration,mistral-small:22b - Temperature,mistral-small:22b - Seed,mistral-small:22b - Num_ctx
Leaving.  Very impressive but getting old.  Peace out.,NEGATIVE,"The emotional tone of the comment is dismissive and somewhat disinterested, indicated by phrases like 'getting old' and 'Peace out'. The word choice suggests that while the commenter finds the content impressive, they are no longer engaged or interested in it. The context from the transcript involves a magic trick performance, which the commenter might have seen before, leading to their sentiment of the act being old and uninteresting.",19.30,0.01,658,10.24,112,9.05,0,1,8192
"Hey Jason, love you and your videos. My name is XXX and I'm in the US army and currently deployed in Iraq (me in pfp). Your videos have gotten me through a lot of tough days of deployment so first off thank you for entertaining me. But I have a request, I'm scheduled to come home on June 18th so if you could do a trick, any trick you like with the 6, 1, and 8 it would make my whole week. I wish you nothing but more success and growth on your channel and please keep posting so I don't die of boredom out here. I plan on going to a show when I get back this summer so post those dates as soon as you know them! All love from Iraq!""",POSITIVE,"The emotional tone of the comment is overwhelmingly positive and appreciative. The use of phrases like 'love you and your videos', 'thank you for entertaining me', 'nothing but more success and growth on your channel', and 'all love from Iraq' indicates a strong sense of admiration and gratitude towards Jason. The context provided in the comment, where the user is deployed in Iraq and finds solace in Jason's videos, further emphasizes the positive impact Jason has had on their life. Additionally, the request for a specific trick with the numbers 6, 1, and 8 to celebrate their homecoming adds a personal touch that shows the user's enthusiasm and excitement.",15.26,0.01,805,1.74,163,13.52,0,1,8192
He even trash talks himself  truly no one is safe,POSITIVE,"The comment 'He even trash talks himself truly no one is safe' has a playful and humorous tone. The use of the phrase 'trash talks himself' suggests that the speaker finds the video entertaining and amusing, as it indicates self-deprecation or lighthearted criticism from the person in the video. Additionally, the phrase 'no one is safe' implies a sense of fun and unpredictability, which contributes to the overall positive sentiment. Considering the context of the transcript where the speaker is performing a magic trick and engaging with the audience, this comment fits well with the lighthearted and entertaining atmosphere.",12.72,0.01,656,0.35,152,12.36,0,1,8192
"Welcome to the hustle, indeed! üòÖ I love how the ""includes paid promotion"" tag was there. I don't even know what's real anymore. But you are still the goal.",POSITIVE,"The emotional tone of the comment is playful and enthusiastic, indicated by the use of emojis (üòÖ) and exclamation marks. The phrase 'Welcome to the hustle, indeed!' suggests agreement and support for the content or creator. The mention of the 'includes paid promotion' tag shows awareness but does not express negativity; instead, it is followed by a statement of admiration ('you are still the goal'). This comment acknowledges the promotional aspect without criticizing it, maintaining an overall positive sentiment.",11.31,0.01,688,0.62,131,10.68,0,1,8192
"""I am so good""  ü§£ü§£ü§£",POSITIVE,"The emotional tone of the comment is playful and self-congratulatory. The use of the phrase 'I am so good' indicates a sense of pride or accomplishment, which is further emphasized by the inclusion of laughing emojis (ü§£ü§£ü§£). This suggests that the commenter is expressing satisfaction with their performance in the context provided by the video transcript. The overall sentiment is positive due to the self-assured and humorous nature of the comment.",10.16,0.01,654,0.35,121,9.80,0,1,8192
It doesn't matter how many times I watch these videos  or how many times I think I might've seen something... This guy right here is hands down the best I've ever seen. It's not even close. And he seems like he'd be a helluva guy to hang out with! Thanks for all the awesome content!,POSITIVE,"The emotional tone of the comment is enthusiastic and admiring. The use of phrases such as 'hands down the best I've ever seen,' 'it's not even close,' and 'a helluva guy to hang out with!' indicates a high level of praise and appreciation for the content creator. Additionally, the commenter expresses gratitude for the 'awesome content,' which further emphasizes their positive sentiment. Considering the video context where the creator is showcasing impressive card tricks and promoting a dentist, the comment aligns well with the entertaining and engaging nature of the video.",12.77,0.01,717,0.89,145,11.87,0,1,8192
Nicely done and she paid 500 for an advertisement.  üòÇ,POSITIVE,"The emotional tone of the comment is playful and amused, indicated by the use of 'Nicely done' and the laughing emoji 'üòÇ'. The word choice 'she paid 500 for an advertisement' suggests a lighthearted acknowledgment of the transactional nature of the video content. Given the context from the transcript where the creator is performing a trick and mentioning a $500 payment, the comment seems to be appreciative of the performance while also recognizing the business aspect. Overall, the comment conveys a positive sentiment towards the video.",11.92,0.01,663,0.35,142,11.56,0,1,8192
Saw Jason live in Boca Raton. He is even better live. Definitely the GOAT!!,POSITIVE,"The emotional tone of the comment is enthusiastic and admiring. The use of phrases like 'even better live' and 'definitely the GOAT!!' indicates a high level of praise and appreciation for Jason's performance. There are no negative words or phrases that detract from this positive sentiment. Considering the video context, which involves a magic trick and an advertisement for a cosmetic dentist, the comment is not directly related but maintains a positive tone overall.",10.01,0.01,667,0.35,119,9.65,0,1,8192
Always love the waterfall trick! Truly impressive,POSITIVE,"The emotional tone of the comment is enthusiastic and admiring. The use of phrases like 'always love' and 'truly impressive' indicates a strong positive sentiment towards the waterfall trick mentioned in the video transcript. These key phrases highlight the commenter's appreciation and admiration for the skill demonstrated, which aligns with the context of the video where the performer showcases their card tricks.",8.76,0.01,656,0.35,104,8.40,0,1,8192
I have been watching you very closely do these tricks and I can never spot how in the world you pull these tricks off. So after careful analysis  I have decided that Magic is 100% real and you my friend have mastered it!,POSITIVE,"The emotional tone of the comment is admiring and enthusiastic, with phrases like 'I have been watching you very closely' and 'you my friend have mastered it!' indicating a high level of engagement and respect. The use of words such as 'tricks,' 'pull these tricks off,' and 'mastered it' suggests that the commenter is genuinely impressed by the skills demonstrated in the video. Considering the context from the transcript, where the performer showcases card tricks and mentions a $500 request, the comment aligns with the theme of admiration for skilled performance. Overall, the comment expresses a positive sentiment towards the performer's abilities.",13.88,0.01,695,0.62,162,13.24,0,1,8192
This man's CGI machine must be burning  üòÇ,POSITIVE,"The emotional tone of the comment is playful and amused. The use of 'burning' suggests intense activity, which in this context is humorous rather than negative. The laughing emoji (üòÇ) further emphasizes the positive and lighthearted nature of the comment. Considering the video transcript where CGI machines are mentioned, the comment is likely referring to the effort required for the trick, implying admiration or appreciation for the work involved.",9.67,0.01,657,0.35,115,9.31,0,1,8192
Another great vid. His CGI crew must be up to half a dozen employees by now to be able to keep up with all his amazing tricks  Genius is expensive,POSITIVE,"The emotional tone of the comment is appreciative and admiring. The use of phrases like 'another great vid' and 'his CGI crew must be up to half a dozen employees by now' suggests that the commenter enjoys and values the content creator's work. The word 'genius' indicates high regard for the creator's skills, and the statement 'Genius is expensive' implies that the commenter understands and accepts the value of the effort put into producing such high-quality content.",10.86,0.01,680,0.62,126,10.24,0,1,8192
Hardest thing for Mr Jason - talking to the wall like there is actually someone standing,NEGATIVE,"The emotional tone of the comment is critical and mocking. The word choice, particularly 'talking to the wall,' suggests that the speaker finds Mr. Jason's behavior ridiculous or ineffective. This phrase implies that Mr. Jason is speaking as if there is an audience when there isn't one, which could be seen as a form of delusion or lack of self-awareness. The context from the transcript shows Mr. Jason performing a card trick and mentioning a dentist, but the comment focuses on his mannerisms rather than the content of the video. Overall, the comment is meant to ridicule Mr. Jason's behavior.",13.06,0.01,662,0.35,156,12.70,0,1,8192
Respect for leaving in the blooper,POSITIVE,"The comment 'Respect for leaving in the blooper' expresses a positive emotional tone. The word choice, particularly 'respect,' indicates admiration or approval. The context of the video transcript shows that the creator included a blooper, which is often seen as humorous and relatable. This inclusion can enhance viewer engagement and show authenticity. Therefore, the comment's sentiment is positive.",8.76,0.01,653,0.35,104,8.40,0,1,8192
Leap out of the deck??!! üòÇ cgi machines ready üòÇüòÇüòÇ Jason you leave me stunned my friend!!! you are so MASTER GOAT!!! ‚ù§‚ù§ Greetz Spiecull. üéâ,POSITIVE,"The emotional tone of the comment is enthusiastic and admiring, indicated by the use of exclamation marks, laughter emojis (üòÇ), and heart emojis (‚ù§). Key phrases such as 'MASTER GOAT' and 'you leave me stunned my friend!!!' show high praise and admiration. The context from the transcript involves a magic trick with cards, where the commenter is impressed by the performance. Overall, the comment expresses excitement and admiration for Jason's skills.",10.96,0.01,692,0.62,127,10.33,0,1,8192
I love when someone who is the best at something is arrogant.  You've certainly earned the right.,POSITIVE,"The emotional tone of the comment is appreciative and admiring. The use of the phrase 'the best at something' indicates a high level of respect for the subject, and the word 'arrogant' is used in a context that suggests it is seen as a positive trait in this specific scenario. The commenter acknowledges that the subject has 'earned the right' to be arrogant, which further supports the positive sentiment. Considering the video transcript where the performer showcases their skills and confidence, the comment fits well with the context of celebrating expertise and self-assurance.",12.07,0.01,667,0.35,144,11.71,0,1,8192
Waterfall with two cards. Absolutely incredible!,POSITIVE,"The emotional tone of the comment is enthusiastic and impressed, as indicated by the use of words like 'absolutely' and 'incredible'. The key phrase 'Absolutely incredible!' conveys a strong positive sentiment. Considering the video context where a magician performs a card trick, the commenter is expressing admiration for the skill displayed in the trick.",8.18,0.01,654,0.35,97,7.82,0,1,8192
I really enjoy this channel. Your card manipulation skills are mind blowing. Take care eh ‚úåÔ∏èüá®üá¶,POSITIVE,"The emotional tone of the comment is enthusiastic and appreciative. The use of phrases like 'I really enjoy this channel' and 'Your card manipulation skills are mind blowing' indicates a high level of admiration and enjoyment. The inclusion of friendly expressions such as 'Take care eh ‚úåÔ∏èüá®üá¶' further emphasizes the positive sentiment. Considering the video context, where the creator showcases impressive card tricks, the comment aligns well with the content by expressing awe at the skills demonstrated.",11.43,0.01,675,0.61,133,10.80,0,1,8192
Aha!mm     i figuree it out ...If you look at the dark silver car thats just behind Jasons head  on the book shelf  payclose  attention to the angle of the green case .. then after he touches his face  roughly around 42 seconds in  you will notice that i have no idea how he does it,POSITIVE,"The emotional tone of the comment is curious and excited, indicated by phrases like 'Aha!mm' and 'i figuree it out'. The use of ellipses and exclamation marks also suggests enthusiasm. The word choice shows a focus on details ('dark silver car', 'green case', 'angle') and specific timing ('roughly around 42 seconds in'), indicating careful observation and engagement with the video content. Although the commenter admits they don't know how the trick is done, their tone remains positive and interested. Considering the video context of a magic trick performance, this level of engagement and curiosity is appropriate and positive.",13.58,0.01,715,0.89,155,12.69,0,1,8192
"""Shuffles legit obviously.""",POSITIVE,"The comment 'Shuffles legit obviously.' indicates a positive sentiment. The use of the word 'legit' suggests approval and authenticity, while 'obviously' implies that the action is clearly genuine. Given the context from the video transcript where the speaker is performing card tricks and mentioning a top cosmetic dentist in San Diego, this comment likely refers to the legitimacy of the shuffling technique demonstrated. The overall tone is affirmative and supportive.",9.90,0.01,651,0.35,118,9.54,0,1,8192
